Workbook

Sheet MAY 2026
B2: SAMSUNG C&T DRAFT INVOICE FOR HVDC (LIGHTING PROJECT) - MAY 2026
T3: ADDITIONAL
B4: S/No | C4: Shpt Ref | D4: Job # | E4: Type | F4: BL # | G4: POL | H4: POD | I4: Mode | J4: No. Of CNTR | K4: Quantity | L4: Bill of Entry Number | M4: BOE Issued Date | N4: MASTER DO CHARGE | O4: CUSTOMS CLEARANCE CHARGE | P4: CUSTOMS INSPECTION CHARGE | Q4: HOUSE DO CHARGE (BL EXCHANGE) / DELIVERY ORDER | R4: PORT HANDLING CHARGE | S4: TRANSPORTATION CHARGE | T4: TRANSPORTATION CHARGE | U4: ADDITIONAL AMOUNT (Please refer to the detail sheet) | V4: FUEL SURCHARGES / OUTLAY FEE | W4: DUTY RELATED CHARGES | X4: AT COST AMOUNT / GATE PASS (DSV HANDLING) | Y4: GRAND TOTAL (USD) | Z4: GRAND TOTAL (AED) | AA4: Remarks
B5: 01. | C5: HVDC-ADOPT-SCT-0166 | D5: SAMF0017230 | E5: FREIGHT | F5: SELA85628900 | G5: KRPUS | H5: AEKHL | I5: SRA | J5: 2 | K5: - | L5: 11057/2026 | M5: 46130 | U5: ='SCT0166'!I23 -> 7200 | V5: ='SCT0166'!I24 -> 720 | Y5: =SUM(N5:X5) -> 7920 | Z5: =Y5*3.6725 -> 29086.2 | AA5: Ocean Freight Fees
B6: 02. | C6: HVDC-ADOPT-HE-0561 | D6: BAMF0021081 | E6: CLEARANCE | F6: 716-97970644 | G6: TRIST | H6: AEAUH | I6: AIR | J6: - | K6: 100 | L6: 24397/2026 | M6: 46150 | N6: ='HE0561'!I23 -> 80 | O6: ='HE0561'!I24 -> 150 | P6: ='HE0561'!I25 -> 125 | X6: =SUM('HE0561'!I26:I28) -> 5224.0163 | Y6: =SUM(N6:X6) -> 5579.0163 | Z6: =Y6*3.6725 -> 20488.938 | AA6: See HE0561 Tab
B7: 03. | C7: HVDC-ADOPT-HE-0557 | D7: BAMF0021185 | E7: CLEARANCE | F7: RTM1575864 | G7: BEANR | H7: AEAUH | I7: SEA | J7: 6 | K7: 6 | L7: 13286/2026 | M7: 46157 | N7: ='HE0557'!I23 -> 150 | O7: ='HE0557'!I24 -> 150 | Y7: =SUM(N7:X7) -> 300 | AA7: See HE0557 Tab
B8: 04. | C8: HVDC-SIE-SCT-20260428-001 | D8: BAMF0021109 | E8: CLEARANCE | F8: ='HVDC-SIE-SCT-20260428-001'!C18 -> 194-00033224 | G8: EGCAI | H8: AESHJ | I8: AIR | J8: - | K8: 2 | L8: 1-3-59-1-26-20932 | M8: 46163 | N8: ='HVDC-SIE-SCT-20260428-001'!I23 -> 80 | O8: ='HVDC-SIE-SCT-20260428-001'!I24 -> 150 | R8: ='HVDC-SIE-SCT-20260428-001'!I25 -> 368.5 | U8: =SUM('HVDC-SIE-SCT-20260428-001'!I29:I31) -> 330 | X8: =SUM('HVDC-SIE-SCT-20260428-001'!I26:I28) -> 612.35534 | Y8: =SUM(N8:X8) -> 1540.8553 | AA8: See HVDC-SIE-SCT-20260428-001 Tab
Y9: =SUM(N9:X9) -> 0 | Z9: =Y9*3.6725 -> 0
B10: TOTAL AMOUNT (USD) | Y10: =SUM(Y5:Y9) -> 15339.872 | Z10: =SUM(Z5:Z9) -> 49575.138

Sheet SCT0166
A8: BILLING INSTRUCTION
A9: BILLING TO: | G9: SERVICE PROVIDER:
A10: SAMSUNG C&T CORPORATION ABU DHABI | G10: DSV Solutions PJSC
A11: P.O. BOX 42654 | G11: PO BOX 93971, PLOT NO. MW4
A12: ABU DHABI, UNITED ARAB EMIRATES | G12: MUSSAFAH ABU DHABI, UAE
A13: TRN. 100326220900003 | G13: TEL: 00971 2 5099599
G14: FAX NO. 00971 2 5514833
G15: TRN: 100047214000003
A16: SHIPMENT NO. | C16: ='MAY 2026'!C5 -> HVDC-ADOPT-SCT-0166 | G16: DELIVERY DATE | H16: =TODAY() -> 46183
A17: PORT OF LOADING | C17: Incheon
A18: MASTER BL | C18: HDMUSELA85628900
A19: HOUSE BL | C19: SSEL00002021
A20: CARGO DETAILS | C20: POTABLE WATER QUALITY SYSTEM
A21: DSV DRAFT INVOICE REF: | C21: ='MAY 2026'!#REF! -> #REF!
A22: ITEM | C22: QTY | D22: RATE SOURCE | E22: RATE AMOUNT (USD) | F22: AMOUNT AED | G22: TOTAL AMOUNT AED | H22: AMOUNT USD | I22: TOTAL AMOUNT (USD)
A23: 1 | B23: BASIC OCEAN FREIGHT FEE | C23: 1 | D23: AT COST | E23: 7200 | F23: =E23*3.6725 -> 26442 | G23: =C23*F23 -> 26442 | H23: =F23/3.6725 -> 7200 | I23: =G23/3.6725 -> 7200
A24: 2 | B24: OUTLAY FEE (10%) | C24: 1 | D24: DSV HANDLING | E24: =E23*10% -> 720 | F24: =E24*3.6725 -> 2644.2 | G24: =C24*F24 -> 2644.2 | H24: =F24/3.6725 -> 720 | I24: =G24/3.6725 -> 720
A25: TOTAL | G25: =SUM(G23:G24) -> 29086.2 | H25: =SUM(H23:H24) -> 7920 | I25: =SUM(I23:I24) -> 7920
A26: Exchange Rate Per 1 USD | C26: 3.6725
A27: PREPARED BY: John Romeo Verastigue Etis
A28: DATE : | B28: =TODAY() -> 46183

Sheet HE0561
A8: BILLING INSTRUCTION
A9: BILLING TO: | G9: SERVICE PROVIDER:
A10: SAMSUNG C&T CORPORATION ABU DHABI | G10: DSV Solutions PJSC
A11: P.O. BOX 42654 | G11: PO BOX 93971, PLOT NO. MW4
A12: ABU DHABI, UNITED ARAB EMIRATES | G12: MUSSAFAH ABU DHABI, UAE
A13: TRN. 100326220900003 | G13: TEL: 00971 2 5099599
G14: FAX NO. 00971 2 5514833
G15: TRN: 100047214000003
A16: SHIPMENT NO. | C16: HVDC-ADOPT-HE-0561 | G16: DELIVERY DATE | H16: 46098
A17: PORT OF LOADING | C17: Istanbul
A18: MASTER BL | C18: 716-7970644
A19: HOUSE BL | C19: 716-7970644
A20: CARGO DETAILS | C20: EARTHING & LIGHTNING PROTECTION MATERIAL
A21: DSV DRAFT INVOICE REF: | C21: BAMF0020462
A22: ITEM | C22: QTY | D22: RATE SOURCE | E22: RATE AMOUNT (USD) | F22: AMOUNT AED | G22: TOTAL AMOUNT AED | H22: AMOUNT USD | I22: TOTAL AMOUNT (USD)
A23: 1 | B23: MASTER DO FEE | C23: 1 | D23: CONTRACT | E23: 80 | F23: =E23*3.6725 -> 293.8 | G23: =C23*F23 -> 293.8 | H23: =F23/3.6725 -> 80 | I23: =G23/3.6725 -> 80
A24: 2 | B24: CUSTOMS CLEARANCE FEE | C24: 1 | D24: CONTRACT | E24: 150 | F24: =E24*3.6725 -> 550.875 | G24: =C24*F24 -> 550.875 | H24: =F24/3.6725 -> 150 | I24: =G24/3.6725 -> 150
A25: 3 | B25: CUSTOMS INSPECTION FEE | C25: 1 | D25: CONTRACT | E25: 125 | F25: =E25*3.6725 -> 459.0625 | G25: =C25*F25 -> 459.0625 | H25: =F25/3.6725*C25 -> 125 | I25: =G25/3.6725 -> 125
A26: 4 | B26: AIRPORT STORAGE FEE | C26: 1 | D26: AT COST | E26: =F26/3.6725 -> 5207.1341 | F26: 19123.2 | G26: =C26*F26 -> 19123.2 | H26: =F26/3.6725 -> 5207.1341 | I26: =G26/3.6725 -> 5207.1341
A27: 5 | B27: TRUCK APPOINTMENT FEE | C27: 1 | D27: AT COST | E27: 27 | F27: 27 | G27: =C27*F27 -> 27 | H27: =F27/3.6725 -> 7.3519401 | I27: =G27/3.6725 -> 7.3519401
A28: 6 | B28: DOCUMENT PROCESSING FEE | C28: 1 | D28: AT COST | E28: 35 | F28: 35 | G28: =C28*F28 -> 35 | H28: =F28/3.6725 -> 9.5302927 | I28: =G28/3.6725 -> 9.5302927
A29: TOTAL | G29: =SUM(G23:G28) -> 20488.938 | H29: =SUM(H23:H28) -> 5579.0163 | I29: =SUM(I23:I28) -> 5579.0163
A30: Exchange Rate Per 1 USD | C30: 3.6725
A31: PREPARED BY: John Romeo Verastigue Etis
A32: DATE : | B32: =TODAY() -> 46183

Sheet HE0557
A8: BILLING INSTRUCTION
A9: BILLING TO: | G9: SERVICE PROVIDER:
A10: SAMSUNG C&T CORPORATION ABU DHABI | G10: DSV Solutions PJSC
A11: P.O. BOX 42654 | G11: PO BOX 93971, PLOT NO. MW4
A12: ABU DHABI, UNITED ARAB EMIRATES | G12: MUSSAFAH ABU DHABI, UAE
A13: TRN. 100326220900003 | G13: TEL: 00971 2 5099599
G14: FAX NO. 00971 2 5514833
G15: TRN: 100047214000003
A16: SHIPMENT NO. | C16: ='MAY 2026'!C7 -> HVDC-ADOPT-HE-0557 | G16: DELIVERY DATE | H16: -
A17: PORT OF LOADING | C17: ANRB58744
A18: MASTER BL | C18: RTM1575864
A19: HOUSE BL | C19: ANRB58744
A20: CARGO DETAILS | C20: 6X20TANK CNTRS STC; SHIPPERS OWNED
A21: DSV DRAFT INVOICE REF: | C21: BAMF0021185
A22: ITEM | C22: QTY | D22: RATE SOURCE | E22: RATE AMOUNT (USD) | F22: AMOUNT AED | G22: TOTAL AMOUNT AED | H22: AMOUNT USD | I22: TOTAL AMOUNT (USD)
A23: 1 | B23: MASTER DO FEE | C23: 1 | D23: CONTRACT | E23: 150 | F23: =E23*3.6725 -> 550.875 | G23: =C23*F23 -> 550.875 | H23: =F23/3.6725 -> 150 | I23: =G23/3.6725 -> 150
A24: 2 | B24: CUSTOMS CLEARANCE FEE | C24: 1 | D24: CONTRACT | E24: 150 | F24: =E24*3.6725 -> 550.875 | G24: =C24*F24 -> 550.875 | H24: =F24/3.6725 -> 150 | I24: =G24/3.6725 -> 150
A25: TOTAL | G25: =SUM(G23:G24) -> 1101.75 | H25: =SUM(H23:H24) -> 300 | I25: =SUM(I23:I24) -> 300
A26: Exchange Rate Per 1 USD | C26: 3.6725
A27: PREPARED BY: John Romeo Verastigue Etis
A28: DATE : | B28: =TODAY() -> 46183

Sheet HVDC-SIE-SCT-20260428-001
A8: BILLING INSTRUCTION
A9: BILLING TO: | G9: SERVICE PROVIDER:
A10: SAMSUNG C&T CORPORATION ABU DHABI | G10: DSV Solutions PJSC
A11: P.O. BOX 42654 | G11: PO BOX 93971, PLOT NO. MW4
A12: ABU DHABI, UNITED ARAB EMIRATES | G12: MUSSAFAH ABU DHABI, UAE
A13: TRN. 100326220900003 | G13: TEL: 00971 2 5099599
G14: FAX NO. 00971 2 5514833
G15: TRN: 100047214000003
A16: SHIPMENT NO. | C16: HVDC-SIE-SCT-20260428-001 | G16: DELIVERY DATE | H16: -
A17: PORT OF LOADING | C17: Cairo
A18: MASTER BL | C18: 194-00033224
A19: HOUSE BL | C19: BMC20260184
A20: CARGO DETAILS | C20: LIGHTING POLE ACCESSORIES
A21: DSV DRAFT INVOICE REF: | C21: BAMF0021109
A22: ITEM | C22: QTY | D22: RATE SOURCE | E22: RATE AMOUNT (USD) | F22: AMOUNT AED | G22: TOTAL AMOUNT AED | H22: AMOUNT USD | I22: TOTAL AMOUNT (USD)
A23: 1 | B23: MASTER DO FEE | C23: 1 | D23: CONTRACT | E23: 80 | F23: =E23*3.6725 -> 293.8 | G23: =C23*F23 -> 293.8 | H23: =F23/3.6725 -> 80 | I23: =G23/3.6725 -> 80
A24: 2 | B24: CUSTOMS CLEARANCE FEE | C24: 1 | D24: CONTRACT | E24: 150 | F24: =E24*3.6725 -> 550.875 | G24: =C24*F24 -> 550.875 | H24: =F24/3.6725 -> 150 | I24: =G24/3.6725 -> 150
A25: 3 | B25: AIRPORT TERMINAL HANDLING FEE | C25: 670 | D25: CONTRACT | E25: 0.55 | F25: =E25*3.6725 -> 2.019875 | G25: =C25*F25 -> 1353.3163 | H25: =F25/3.6725 -> 0.55 | I25: =G25/3.6725 -> 368.5
A26: 4 | B26: AIRPORT STORAGE FEE | C26: 1 | D26: AT COST | E26: 306.60313 | F26: =E26*3.6725 -> 1126 | G26: =C26*F26 -> 1126 | H26: =F26/3.6725 -> 306.60313 | I26: =G26/3.6725 -> 306.60313
A27: 5 | B27: CUSTOMS DUTY FEE | C27: 1 | D27: AT COST | E27: =572/3.6725 -> 155.75221 | F27: =E27*3.6725 -> 572 | G27: =C27*F27 -> 572 | H27: =F27/3.6725 -> 155.75221 | I27: =G27/3.6725 -> 155.75221
A28: 6 | B28: NEW CODE OPENING FE (SHJ CUSTOMS) | C28: 1 | D28: AT COST | E28: 150 | F28: =E28*3.6725 -> 550.875 | G28: =C28*F28 -> 550.875 | H28: =F28/3.6725 -> 150 | I28: =G28/3.6725 -> 150
A29: 7 | B29: CUSTOMS DOCUMENTATION & GATE PASS FEE | C29: 1 | D29: AS PER OFFER | E29: 55 | F29: =E29*3.6725 -> 201.9875 | G29: =C29*F29 -> 201.9875 | H29: =F29/3.6725 -> 55 | I29: =G29/3.6725 -> 55
A30: 8 | B30: CUSTOMS INSPECTION FEE | C30: 1 | D30: AS PER OFFER | E30: 125 | F30: =E30*3.6725 -> 459.0625 | G30: =C30*F30 -> 459.0625 | H30: =F30/3.6725 -> 125 | I30: =G30/3.6725 -> 125
A31: 9 | B31: BILL OF ENTRY FEE | C31: 1 | D31: AS PER OFFER | E31: 150 | F31: =E31*3.6725 -> 550.875 | G31: =C31*F31 -> 550.875 | H31: =F31/3.6725 -> 150 | I31: =G31/3.6725 -> 150
F32: =E32*3.6725 -> 0 | G32: =C32*F32 -> 0 | H32: =F32/3.6725 -> 0 | I32: =G32/3.6725 -> 0
A33: TOTAL | G33: =SUM(G23:G32) -> 5658.7912 | H33: =SUM(H23:H32) -> 1172.9053 | I33: =SUM(I23:I32) -> 1540.8553
A34: Exchange Rate Per 1 USD | C34: 3.6725
A35: PREPARED BY: John Romeo Verastigue Etis
A36: DATE : | B36: =TODAY() -> 46183
